userid,name_
1,Teresa Williams MD
2,Christine Myers
3,Dwayne Moreno
4,Amy Norton
5,Tonya Adams
6,Charles Smith
7,Misty Moody
8,Brian Kent
9,Stacie Ray
10,Brian Townsend
11,Samantha Bailey
12,Christopher Wright
13,John Harrington
14,Gregory Franklin
15,Jordan Garrett
16,Barbara Fuller
17,Eric Rogers
18,Christopher Fleming
19,Sandra Wheeler
20,Elizabeth Guzman
21,Kathleen Mata
22,Jack Perry
23,Tyler Silva
24,Joy Carter
25,Jody Collins
26,Elizabeth Brown
27,Mrs. Brandy Tate
28,Janet Miller
29,Mary Smith
30,Denise Martin
31,Michael Brown
32,Craig Thomas
33,Ashley Cain
34,Carolyn Wilson
35,Allison Chen
36,Crystal Jacobson
37,Rhonda Gordon
38,Jenna Cowan
39,Taylor Yang
40,Judy Moses
41,Eric Farmer
42,Meghan Hansen
43,Susan Jones
44,Anthony Powell
45,Tony Hayes
46,Brianna Price MD
47,Kelly Guerrero
48,Kendra Cook
49,Anthony Simpson
50,Nicole Simpson
